"reconcile","id","account_type","code","name"
"False","l10n_ao.account_chart_id776","asset_current","1","MEIOS FIXOS E INVESTIMENTOS"
"False","l10n_ao.account_chart_id777","asset_current","11","Imobilizações corpóreas"
"False","l10n_ao.account_chart_id778","asset_current","111","Terrenos e recursos naturais"
"True","l10n_ao.account_chart_id779","asset_fixed","1111","Terrenos em bruto"
"True","l10n_ao.account_chart_id780","asset_fixed","1112","Terrenos com Arranjos"
"True","l10n_ao.account_chart_id781","asset_fixed","1113","Subsolo"
"True","l10n_ao.account_chart_id782","asset_fixed","1114","Terrenos com Edifícios"
"True","l10n_ao.account_chart_id783","asset_fixed","11141","Relativos a Edifícios Industriais"
"True","l10n_ao.account_chart_id784","asset_fixed","11142","Relativos a Edifícios Administrativos e Comerciais"
"True","l10n_ao.account_chart_id785","asset_fixed","11143","Relativos a outros Edifícios"
"False","l10n_ao.account_chart_id786","asset_fixed","112","Edifícios e Outras Construções"
"True","l10n_ao.account_chart_id787","asset_fixed","1121","Edifícios"
"True","l10n_ao.account_chart_id788","asset_fixed","11211","Integrados em Conjuntos Industriais"
"True","l10n_ao.account_chart_id789","asset_fixed","11212","Integrados em Conjuntos Administrativos e Comerciais"
"True","l10n_ao.account_chart_id790","asset_fixed","11213","Outros Conjuntos Industriais"
"True","l10n_ao.account_chart_id791","asset_fixed","11214","Implatados em Propriedade Alheia"
"True","l10n_ao.account_chart_id792","asset_fixed","1122","Outras construções"
"True","l10n_ao.account_chart_id793","asset_fixed","1123","Instalações"
"False","l10n_ao.account_chart_id794","asset_fixed","113","Equipamentos Básicos"
"True","l10n_ao.account_chart_id795","asset_fixed","1131","Materiais Industriais"
"True","l10n_ao.account_chart_id796","asset_fixed","1132","Ferramentas Industriais"
"True","l10n_ao.account_chart_id797","asset_fixed","1133","Melhoramentos em equipamentos básicos"
"False","l10n_ao.account_chart_id798","asset_fixed","114","Equipamentos de carga e transporte"
"True","l10n_ao.account_chart_id799","asset_fixed","1141","................"
"True","l10n_ao.account_chart_id800","asset_fixed","115","Equipamento Administrativo"
"True","l10n_ao.account_chart_id801","asset_fixed","1151","Equipamento informático"
"True","l10n_ao.account_chart_id802","asset_fixed","1152","Mobiliário"
"False","l10n_ao.account_chart_id803","asset_fixed","116","Taras e vasilhames"
"True","l10n_ao.account_chart_id804","asset_fixed","1161","Embalagens retomáveis"
"False","l10n_ao.account_chart_id805","asset_fixed","119","Outras Imobilizações Corpóreas"
"False","l10n_ao.account_chart_id806","asset_non_current","12","Imobilizações Incorpõreas"
"False","l10n_ao.account_chart_id807","asset_non_current","121","Trespasses"
"True","l10n_ao.account_chart_id808","asset_non_current","1211",".............................."
"False","l10n_ao.account_chart_id809","asset_non_current","122","Despesas de investigação e desenvolvimento"
"True","l10n_ao.account_chart_id810","asset_non_current","1221","....................."
"False","l10n_ao.account_chart_id811","asset_non_current","123","Propriedade Industrial e outros direitos e contractos"
"True","l10n_ao.account_chart_id812","asset_non_current","1231",".............................."
"False","l10n_ao.account_chart_id813","asset_non_current","124","Despesas de Constituição"
"True","l10n_ao.account_chart_id814","asset_non_current","1241","..................................."
"False","l10n_ao.account_chart_id815","asset_non_current","129","Outras Imobilizações Incorpóreas"
"True","l10n_ao.account_chart_id816","asset_non_current","1291","....................................."
"False","l10n_ao.account_chart_id817","asset_non_current","13","Investimentos Finaceiros"
"False","l10n_ao.account_chart_id818","asset_non_current","131","Empresas Subsidiárias"
"True","l10n_ao.account_chart_id819","asset_non_current","1311","Partes de Capital"
"True","l10n_ao.account_chart_id820","asset_non_current","1312","Obrigações e Título de Participação"
"True","l10n_ao.account_chart_id821","asset_non_current","1313","Empréstimos"
"False","l10n_ao.account_chart_id822","asset_non_current","132","Empresas Associadas"
"True","l10n_ao.account_chart_id823","asset_non_current","1321","Partes de Capital"
"True","l10n_ao.account_chart_id824","liability_current","1322","Obrigações e Título de Participação"
"True","l10n_ao.account_chart_id825","asset_non_current","1323","Empréstimos"
"False","l10n_ao.account_chart_id826","asset_non_current","133","Outras Empresas"
"True","l10n_ao.account_chart_id827","asset_non_current","1331","Partes de Capital"
"True","l10n_ao.account_chart_id828","asset_non_current","1332","Obrigações e Títulos de Participação"
"True","l10n_ao.account_chart_id829","asset_non_current","1333","Empréstimos"
"False","l10n_ao.account_chart_id830","asset_non_current","134","Investimentos em Imóveis"
"True","l10n_ao.account_chart_id831","asset_non_current","1341","..................................."
"False","l10n_ao.account_chart_id832","asset_non_current","135","Fundos"
"True","l10n_ao.account_chart_id833","asset_non_current","1351",".............."
"False","l10n_ao.account_chart_id834","asset_non_current","139","Outros Investimentos Financeiros"
"True","l10n_ao.account_chart_id835","asset_non_current","1391","Diamantes"
"True","l10n_ao.account_chart_id836","asset_non_current","1392","Ouro"
"True","l10n_ao.account_chart_id837","asset_non_current","1393","Depósitos Bancários"
"False","l10n_ao.account_chart_id838","asset_non_current","14","Imobilizações em Curso"
"False","l10n_ao.account_chart_id839","asset_non_current","141","Obra em Curso"
"False","l10n_ao.account_chart_id840","asset_non_current","142","Obra em Curso"
"False","l10n_ao.account_chart_id841","asset_non_current","147","Adiantamentos por conta de Imobilizado corpóreo"
"True","l10n_ao.account_chart_id842","asset_non_current","1471","..............................."
"False","l10n_ao.account_chart_id843","asset_non_current","148","Adiantamento por conta de Imobilizado Incorpóreo"
"True","l10n_ao.account_chart_id844","asset_non_current","1481","............................."
"False","l10n_ao.account_chart_id845","asset_non_current","149","Adiantamentos por conta de Investimentos Financeiros"
"True","l10n_ao.account_chart_id846","asset_non_current","1491","..........................."
"False","l10n_ao.account_chart_id847","asset_current","15","..........................................................."
"False","l10n_ao.account_chart_id848","asset_current","16","............................................................"
"False","l10n_ao.account_chart_id849","asset_current","17",".................................................."
"False","l10n_ao.account_chart_id850","expense_depreciation","18","AMORTIZAÇÕES ACUMULADAS"
"False","l10n_ao.account_chart_id851","expense_depreciation","181","Imobilizações Corpóreas"
"True","l10n_ao.account_chart_id852","expense_depreciation","1811","Terrenos e Recursos Naturais"
"True","l10n_ao.account_chart_id853","expense_depreciation","1812","Edifícios e outras construções"
"True","l10n_ao.account_chart_id854","expense_depreciation","1813","Equipamento basico"
"True","l10n_ao.account_chart_id855","expense_depreciation","1814","Equipamento de carga e transporte"
"True","l10n_ao.account_chart_id856","expense_depreciation","1815","Equipamento Administrativo"
"True","l10n_ao.account_chart_id857","expense_depreciation","1816","Taras e vasilhame"
"True","l10n_ao.account_chart_id858","expense_depreciation","1819","Outras Imobilizações Corpóreas"
"False","l10n_ao.account_chart_id859","expense_depreciation","182","Imobilizações Incorpóreas"
"True","l10n_ao.account_chart_id860","expense_depreciation","1821","Trespasses"
"True","l10n_ao.account_chart_id861","expense_depreciation","1822","Despesas de investigação e desenvolvimento"
"True","l10n_ao.account_chart_id94","expense_depreciation","1823","Propriedade Industrial e outros direitos e contratos"
"True","l10n_ao.account_chart_id95","expense_depreciation","1824","Despesas de Constituição"
"True","l10n_ao.account_chart_id96","expense_depreciation","1829","Outras Imobilizações Incorpóreas"
"False","l10n_ao.account_chart_id97","expense_depreciation","183","Investimentos Financeiros em Imóveis"
"True","l10n_ao.account_chart_id98","expense_depreciation","1831","Terrenos e Recursos Naturais"
"True","l10n_ao.account_chart_id99","expense_depreciation","1832","Edifícios e outras construções"
"False","l10n_ao.account_chart_id100","asset_non_current","19","PROVISÕES PARA INVESTIMENTOS FINANCEIROS"
"False","l10n_ao.account_chart_id101","asset_non_current","191","Empresas Subsidiárias"
"False","l10n_ao.account_chart_id102","asset_non_current","1911","Partes de Capital"
"False","l10n_ao.account_chart_id103","asset_non_current","1912","Obrigações e Títulos de Participação"
"False","l10n_ao.account_chart_id104","asset_non_current","1913","Empréstimos"
"False","l10n_ao.account_chart_id105","asset_non_current","192","Empresas Associadas"
"False","l10n_ao.account_chart_id106","asset_non_current","1921","Partes de Capital"
"False","l10n_ao.account_chart_id107","asset_non_current","1922","Obrigações e Títulos de Participação"
"False","l10n_ao.account_chart_id108","asset_non_current","1923","Empréstimos"
"False","l10n_ao.account_chart_id109","asset_non_current","193","Outras Empresas"
"False","l10n_ao.account_chart_id110","asset_non_current","1931","Partes de Capital"
"False","l10n_ao.account_chart_id111","asset_non_current","1932","Obrigações e Títulos de Participação"
"False","l10n_ao.account_chart_id112","asset_non_current","1933","Empréstimos"
"False","l10n_ao.account_chart_id113","asset_non_current","194","Fundos"
"False","l10n_ao.account_chart_id114","asset_non_current","1941","Partes de Capital"
"False","l10n_ao.account_chart_id115","asset_non_current","199","Outros Investimentos Financeiros"
"False","l10n_ao.account_chart_id116","asset_non_current","1991","Diamantes"
"False","l10n_ao.account_chart_id117","asset_non_current","1992","Ouro"
"False","l10n_ao.account_chart_id118","asset_non_current","1993","Depósitos Bancários"
"False","l10n_ao.account_chart_id119","asset_non_current","2","EXISTÊNCIAS"
"False","l10n_ao.account_chart_id120","expense_direct_cost","21","COMPRAS"
"False","l10n_ao.account_chart_id121","expense_direct_cost","211","Matériais-primas,subsidiárias e de Consumo"
"False","l10n_ao.account_chart_id122","expense_direct_cost","2111","Matériais primas"
"False","l10n_ao.account_chart_id125","expense_direct_cost","21112","Mercado Estrangeiro"
"False","l10n_ao.account_chart_id129","expense_direct_cost","2112","Matériais subsidiárias"
"False","l10n_ao.account_chart_id132","expense_direct_cost","212","Mercadorias"
"True","l10n_ao.account_chart_2121","expense_direct_cost","2121","Mercadorias"
"True","l10n_ao.account_chart_271","expense_direct_cost","217","Devoluções de compras"
"True","l10n_ao.account_chart_id140","expense_direct_cost","2171","Matérias-primas, subsidiárias e de consumo"
"True","l10n_ao.account_chart_id145","expense_direct_cost","21712","Matérias subsidiárias"
"False","l10n_ao.account_chart_id155","expense_direct_cost","218","Descontos e Abatimentos em Compras"
"True","l10n_ao.account_chart_id156","expense_direct_cost","2181","Matérias primas, subsidiárias e de consumo"
"True","l10n_ao.account_chart_id157","expense_direct_cost","21811","Matérias primas"
"True","l10n_ao.account_chart_id162","expense_direct_cost","21812","Matérias subsidiárias"
"True","l10n_ao.account_chart_id167","expense_direct_cost","21813","Materiais diversos"
"False","l10n_ao.account_chart_id172","expense_direct_cost","219","Descontos Diversos"
"False","l10n_ao.account_chart_2191","expense_direct_cost","2191","....................."
"False","l10n_ao.account_chart_id173","expense","22","Matérias Primas, Subsidiárias e de consumo"
"False","l10n_ao.account_chart_id174","expense","221","Matérias-primas"
"True","l10n_ao.account_chart_id175","asset_current","2211","Existênciais"
"True","l10n_ao.account_chart_id176","asset_current","2212","Custo existênciais, venda e consumo"
"False","l10n_ao.account_chart_id177","asset_current","222","Matérias Subsidiárias"
"True","l10n_ao.account_chart_id178","asset_current","2221","Existênciais"
"True","l10n_ao.account_chart_id179","asset_current","2222","Custo existênciais, venda e consumo"
"False","l10n_ao.account_chart_id180","asset_current","223","Materiais Diversos"
"True","l10n_ao.account_chart_id181","asset_current","2231","Existências"
"True","l10n_ao.account_chart_id182","asset_current","2232","Custo existênciais, venda e consumo"
"False","l10n_ao.account_chart_id183","asset_current","224","Embalagens de Consumo"
"True","l10n_ao.account_chart_id184","asset_current","2241","Existências"
"True","l10n_ao.account_chart_id185","asset_current","2242","Custo existênciais, venda e consumo"
"False","l10n_ao.account_chart_id186","asset_current","225","Outros materiais"
"True","l10n_ao.account_chart_id187","asset_current","2251","Existênciais"
"True","l10n_ao.account_chart_id188","asset_current","2252","Custo existênciais, venda e consumo"
"False","l10n_ao.account_chart_id189","asset_current","23","PRODUTOS E TRABALHOS EM CURSO"
"False","l10n_ao.account_chart_id190","asset_current","231","Existências"
"False","l10n_ao.account_chart_id191","asset_current","232","........................................."
"False","l10n_ao.account_chart_id192","asset_current","24","PRODUTOS ACABADOS E INTERMÉDIOS"
"False","l10n_ao.account_chart_id193","asset_current","241","Produtos Acabados"
"True","l10n_ao.account_chart_id194","asset_current","2411",".........................................."
"False","l10n_ao.account_chart_id195","asset_current","242","Produtos Intermédios"
"False","l10n_ao.account_chart_id196","asset_current","2421","..................................."
"False","l10n_ao.account_chart_id197","asset_current","249","Em poder de Terceiros"
"True","l10n_ao.account_chart_id198","asset_current","2491","...............................s"
"False","l10n_ao.account_chart_id199","asset_current","25","SUBPRODUTOS, DESPERDÍCIOS, RESÍDUOS E REFUGOS"
"False","l10n_ao.account_chart_id200","asset_current","251","SubProdutos"
"True","l10n_ao.account_chart_id201","asset_current","2511","....................................."
"False","l10n_ao.account_chart_id202","asset_current","252","Desperdicios, Resíduos e Refugos"
"True","l10n_ao.account_chart_id203","asset_current","2521",".............................."
"False","l10n_ao.account_chart_id862","asset_current","26","Mercadorias"
"False","l10n_ao.account_chart_id863","asset_current","261","..........................."
"True","l10n_ao.account_chart_2611","asset_current","2611","Existências"
"True","l10n_ao.account_chart_id204","asset_current","2612","Custo existênciais, venda e consumo"
"False","l10n_ao.account_chart_id864","asset_current","262","..............................."
"False","l10n_ao.account_chart_263","asset_current","263","......................"
"False","l10n_ao.account_chart_2631","asset_current","2631","Existências, Avalição de stock"
"True","l10n_ao.account_chart_264","asset_current","264","......................."
"True","l10n_ao.account_chart_id205","asset_current","2641","Existências"
"True","l10n_ao.account_chart_id206","asset_current","2642","Custo existênciais, venda e consumo"
"False","l10n_ao.account_chart_id865","asset_current","269","Em pode de terceiros"
"True","l10n_ao.account_chart_id207","asset_current","2691","Mercadorias"
"True","l10n_ao.account_chart_id208","asset_current","26911","Existências"
"False","l10n_ao.account_chart_id866","asset_current","27","Matérias-primas, mercadorias e outros materiais em trânsito"
"False","l10n_ao.account_chart_id867","asset_current","271","Matérias-primas"
"True","l10n_ao.account_chart_id209","asset_current","2711","Mercado Nacional"
"True","l10n_ao.account_chart_id210","asset_current","2712","Mercado Africano"
"True","l10n_ao.account_chart_id211","asset_current","2713","Outros Mercados"
"False","l10n_ao.account_chart_id868","asset_current","272","Outros materiais"
"True","l10n_ao.account_chart_id212","asset_current","2721","Mercado Nacional"
"True","l10n_ao.account_chart_id213","asset_current","2722","Mercado Africano"
"True","l10n_ao.account_chart_id214","asset_current","2723","Outros Mercados"
"False","l10n_ao.account_chart_id869","asset_current","273","Mercadorias"
"True","l10n_ao.account_chart_id215","asset_current","2731","Mercado Nacional"
"True","l10n_ao.account_chart_id216","asset_current","2732","Mercado Africano"
"True","l10n_ao.account_chart_id217","asset_current","2733","Outros Mercados"
"False","l10n_ao.account_chart_id870","asset_current","28","ADIANTAMENTOS POR CONTA DE COMPRAS"
"False","l10n_ao.account_chart_id871","asset_current","281","Matérias-primas e outros materias"
"True","l10n_ao.account_chart_id218","asset_current","2811","Mercado Nacional"
"True","l10n_ao.account_chart_id219","asset_current","2812","Mercado Estrangeiro"
"True","l10n_ao.account_chart_id220","asset_current","28121","Mercado Africano"
"True","l10n_ao.account_chart_id221","asset_current","28122","Outros Mercados"
"True","l10n_ao.account_chart_282","asset_current","282","Mercadorias"
"True","l10n_ao.account_chart_id222","asset_current","2821","Mercado Nacional"
"True","l10n_ao.account_chart_id223","asset_current","2822","Mercado Africano"
"True","l10n_ao.account_chart_id224","asset_current","2823","Outros Mercados"
"False","l10n_ao.account_chart_id872","expense_depreciation","29","PROVISÃO PARA DEPRECIAÇÃO DE EXISTÊNCIAS"
"False","l10n_ao.account_chart_id873","expense_depreciation","291","....................................."
"False","l10n_ao.account_chart_id874","expense_depreciation","292","Matérias-prima, Subsidiárias e de Consumo"
"True","l10n_ao.account_chart_id225","expense_depreciation","2921","Matérias-prima, Subsidiárias e de Consumo"
"False","l10n_ao.account_chart_id875","expense_depreciation","293","Produtos e Trabalhos em Curso"
"True","l10n_ao.account_chart_id226","expense_depreciation","2931","Produtos e Trabalhos em Curso"
"False","l10n_ao.account_chart_id876","expense_depreciation","294","Produtos acabados e intermédios"
"True","l10n_ao.account_chart_id227","expense_depreciation","2941","Produtos Acabados e Intermédios"
"False","l10n_ao.account_chart_id877","expense_depreciation","295","Sub-produtos, desperdícios, resíduos e refugos"
"True","l10n_ao.account_chart_id228","expense_depreciation","2951","SubProdutos, desperdicios, Resíduos e refungos"
"False","l10n_ao.account_chart_id878","expense_depreciation","296","Mercadorias"
"True","l10n_ao.account_chart_id229","expense_depreciation","2961","..................."
"False","l10n_ao.account_chart_id879","asset_cash","3","Terceiros"
"False","l10n_ao.account_chart_id880","asset_current","31","Clientes"
"True","l10n_ao.account_chart_id230","asset_receivable","311","Clientes-Correntes"
"True","l10n_ao.account_chart_id881","asset_receivable","3111","Grupo"
"True","l10n_ao.account_chart_id882","asset_receivable","3112","Não Grupo"
"True","l10n_ao.account_chart_31121","asset_receivable","31121","Nacionais"
"True","l10n_ao.account_chart_311211","asset_receivable","311211","Cliente Nacionais"
"True","l10n_ao.account_chart_31122","asset_receivable","31122","Estrangeiros"
"True","l10n_ao.account_chart_id233","asset_receivable","311221","Clientes Estrageiro"
"True","l10n_ao.account_chart_id883","asset_receivable","312","Clientes - títulos a receber"
"True","l10n_ao.account_chart_id884","asset_receivable","3121","Grupo"
"True","l10n_ao.account_chart_id234","asset_non_current","31211","Subsidiárias"
"True","l10n_ao.account_chart_id235","asset_non_current","31212","Associadas"
"True","l10n_ao.account_chart_id885","asset_receivable","3122","Não Grupo"
"True","l10n_ao.account_chart_id236","asset_non_current","31221","Nacionais"
"True","l10n_ao.account_chart_id237","asset_non_current","31222","Estrageiros"
"True","l10n_ao.account_chart_id886","asset_receivable","313","Clientes - títulos descontados"
"True","l10n_ao.account_chart_id887","asset_receivable","3131","Grupo"
"True","l10n_ao.account_chart_id238","asset_receivable","31311","Subsidiárias"
"True","l10n_ao.account_chart_id239","asset_receivable","31312","Associadas"
"True","l10n_ao.account_chart_id888","asset_receivable","3132","Não Grupo"
"True","l10n_ao.account_chart_id240","asset_receivable","31321","Nacionais"
"True","l10n_ao.account_chart_id241","asset_receivable","31322","Estrageiros"
"True","l10n_ao.account_chart_id242","asset_receivable","317","Regularização de Imposto Industrial de Cliente"
"True","l10n_ao.account_chart_id889","asset_receivable","318","Clientes de cobrança duvidosa"
"True","l10n_ao.account_chart_id243","asset_non_current","3181","Clientes - Correntes"
"True","l10n_ao.account_chart_id244","asset_non_current","3182","Clientes - Títulos"
"True","l10n_ao.account_chart_id890","asset_receivable","319","Clientes - saldos credores"
"True","l10n_ao.account_chart_id245","liability_payable","3191","Adiantamentos"
"True","l10n_ao.account_chart_id246","liability_payable","3192","Embalagens a devolver"
"True","l10n_ao.account_chart_id247","liability_payable","3193","Material à consignação"
"True","l10n_ao.account_chart_3194","liability_payable","3194","Notas de Crédito"
"True","l10n_ao.account_chart_id891","liability_payable","32","Fornecedores"
"True","l10n_ao.account_chart_id892","liability_payable","321","Fornecedores - correntes"
"True","l10n_ao.account_chart_id893","liability_payable","3211","Grupo"
"True","l10n_ao.account_chart_id248","liability_payable","32111","Subsidiárias"
"True","l10n_ao.account_chart_id249","liability_payable","32112","Associadas"
"True","l10n_ao.account_chart_id894","liability_payable","3212","Não Grupo"
"True","l10n_ao.account_chart_32121","liability_payable","32121","Fornecedores Nacionais"
"True","l10n_ao.account_chart_32122","liability_payable","32122","Estrangeiros"
"True","l10n_ao.account_chart_322","liability_payable","322","Fornecedores - título a pagar"
"True","l10n_ao.account_chart_id896","liability_payable","3221","Grupo"
"True","l10n_ao.account_chart_id253","liability_payable","32211","Subsidiárias"
"True","l10n_ao.account_chart_id254","liability_payable","32212","Associadas"
"True","l10n_ao.account_chart_id897","liability_payable","3222","Não Grupo"
"True","l10n_ao.account_chart_id255","liability_payable","32221","Nacionais"
"True","l10n_ao.account_chart_id256","liability_payable","32222","Estrageiros"
"True","l10n_ao.account_chart_id257","liability_payable","327","Regularização de Imposto Industrial de Fornecedores"
"True","l10n_ao.account_chart_id898","liability_payable","328","Fornecedors - facturas em recepção e conferência"
"True","l10n_ao.account_chart_id258","liability_payable","3281","Fornecedores - Facturas em Recepção e Conferência"
"True","l10n_ao.account_chart_id899","liability_payable","329","Fornecedors - saldos devedores"
"True","l10n_ao.account_chart_id259","asset_receivable","3291","Adiantamentos"
"True","l10n_ao.account_chart_id260","asset_receivable","3292","Embalagens a devolver"
"True","l10n_ao.account_chart_id261","asset_receivable","3293","Material à consignação"
"True","l10n_ao.account_chart_id900","liability_payable","33","Empréstimos"
"True","l10n_ao.account_chart_id901","liability_payable","331","Empréstimos bancários"
"True","l10n_ao.account_chart_id902","liability_payable","3311","Moeda Nacional"
"True","l10n_ao.account_chart_id262","liability_current","33111","Banco Nacional"
"True","l10n_ao.account_chart_id903","liability_payable","3312","Moeda estrangeira"
"True","l10n_ao.account_chart_id263","liability_current","33121","Banco Estrangeiro"
"False","l10n_ao.account_chart_id264","liability_current","332","Empréstimos por Obrigações"
"False","l10n_ao.account_chart_id265","liability_current","3321","Convertíveis"
"True","l10n_ao.account_chart_id266","liability_current","33211","Entidade Grupo"
"True","l10n_ao.account_chart_id267","liability_current","33212","Entidade Não Grupo"
"False","l10n_ao.account_chart_id268","liability_current","3322","Não convertiveis"
"True","l10n_ao.account_chart_id269","liability_current","33221","Entidade Grupo"
"True","l10n_ao.account_chart_id270","liability_current","33222","Entidade Não Grupo"
"True","l10n_ao.account_chart_id904","liability_payable","333","Entidade"
"True","l10n_ao.account_chart_id271","liability_current","3331","Entidade Grupo"
"True","l10n_ao.account_chart_id272","liability_current","3332","Entidade Não Grupo"
"True","l10n_ao.account_chart_id905","liability_payable","339","Outros empréstimos obtidos"
"True","l10n_ao.account_chart_id273","liability_current","3391","Curto Prazo"
"True","l10n_ao.account_chart_id274","liability_current","33911","Entidade Grupo"
"True","l10n_ao.account_chart_id275","liability_current","33912","Entidade Não Grupo"
"True","l10n_ao.account_chart_id276","asset_non_current","3392","Médio e Longo Prazo"
"True","l10n_ao.account_chart_id277","asset_non_current","33921","Entidade Grupo"
"True","l10n_ao.account_chart_id278","asset_non_current","33922","Entidade Não Grupo"
"True","l10n_ao.account_chart_id279","asset_non_current","3393","Parte currente de empréstimo de médio e longo prazo"
"True","l10n_ao.account_chart_id280","asset_non_current","33931","Entidade Grupo"
"True","l10n_ao.account_chart_id281","asset_non_current","33932","Entidade Não Grupo"
"False","l10n_ao.account_chart_id906","asset_non_current","34","Estado"
"True","l10n_ao.account_chart_id907","liability_payable","341","Imposto sobre os lucros"
"False","l10n_ao.account_chart_3411","liability_current","3411","Imposto Corrente"
"True","l10n_ao.account_chart_id283","liability_current","3412","Pagamentos por conta"
"True","l10n_ao.account_chart_id284","liability_current","3413","Retenção na fonte"
"True","l10n_ao.account_chart_id285","liability_current","34131","Juros bancários"
"True","l10n_ao.account_chart_3414","liability_current","3414","Imposto Industrial - Adiantamento"
"True","l10n_ao.account_chart_3415","liability_current","3415","Apuramento"
"True","l10n_ao.account_chart_3416","liability_current","3416","Retenção Pagar e DAR Enviado"
"True","l10n_ao.account_chart_3417","liability_current","3417","Retenção Feita e DAR Recebido"
"True","l10n_ao.account_chart_342","liability_payable","342","Imposto de produção e consumo"
"True","l10n_ao.account_chart_3421","liability_current","3421","IPC"
"True","l10n_ao.account_chart_3422","liability_current","3422","IPC Recebido de facturas"
"True","l10n_ao.account_chart_343","liability_payable","343","Imposto de redimento de trabalho"
"True","l10n_ao.account_chart_3431","liability_current","3431","IRT Dependente"
"True","l10n_ao.account_chart_3432","liability_current","3432","IRT Independente"
"True","l10n_ao.account_chart_344","liability_payable","344","Imposto de circulação"
"True","l10n_ao.account_chart_3441","liability_current","3441","Taxa de Circulação"
"False","l10n_ao.account_chart_345","liability_current","345","IVA"
"False","l10n_ao.account_chart_3451","liability_current","3451","IVA suportado"
"False","l10n_ao.account_chart_id294","liability_current","34511","Existências"
"False","l10n_ao.account_chart_id295","liability_current","34512","Meios fixos e investimentos"
"False","l10n_ao.account_chart_id296","liability_current","34513","Outros bens e serviços"
"False","l10n_ao.account_chart_id297","liability_current","3452","IVA dedutível"
"False","l10n_ao.account_chart_id298","liability_current","34521","Existências"
"False","l10n_ao.account_chart_id299","liability_current","34522","Meios fixos e investimentos"
"False","l10n_ao.account_chart_id300","liability_current","34523","Outros bens e serviços"
"False","l10n_ao.account_chart_id301","liability_current","3453","IVA liquidado"
"False","l10n_ao.account_chart_id302","liability_current","34531","Operações Gerais"
"False","l10n_ao.account_chart_id303","liability_current","34532","Operações abrangidas pelo regime de IVA de caixa"
"False","l10n_ao.account_chart_id304","liability_current","34533","Autoconsumo e operações gratuitas"
"False","l10n_ao.account_chart_id305","liability_current","34534","Operações especiais"
"False","l10n_ao.account_chart_id306","asset_current","3454","IVA reqularizações"
"False","l10n_ao.account_chart_id307","liability_current","34541","Mensais a favor do sujeito passivo"
"False","l10n_ao.account_chart_id308","liability_current","34542","Mensais a favor do Estado"
"False","l10n_ao.account_chart_id309","liability_current","34543","Anual por cálculo do pró rata definitivo"
"False","l10n_ao.account_chart_id310","liability_current","34544","Outras regularizações anuais"
"False","l10n_ao.account_chart_id311","liability_current","3455","IVA apuramento"
"False","l10n_ao.account_chart_id312","liability_current","34551","Apuramento do regime de Iva normal"
"False","l10n_ao.account_chart_id313","liability_current","34552","Apuramento do regime de IVA de caixa"
"False","l10n_ao.account_chart_id314","liability_current","3456","IVA a pagar"
"False","l10n_ao.account_chart_id315","liability_current","34561","IVA a pagar de apuramento"
"False","l10n_ao.account_chart_id316","liability_current","34562","IVA a pagar de cativo"
"False","l10n_ao.account_chart_id317","liability_current","34563","IVA a pagar de liquidações oficiosas"
"False","l10n_ao.account_chart_id318","asset_current","3457","IVA a recuperar"
"False","l10n_ao.account_chart_id319","liability_current","34571","IVA a recuperar de apuramentos"
"False","l10n_ao.account_chart_id320","liability_current","34572","IVA a recuperar de cativo"
"False","l10n_ao.account_chart_id321","asset_current","3458","IVA reembolsos pedidos"
"False","l10n_ao.account_chart_id322","liability_current","34581","Reembolsos pedidos"
"False","l10n_ao.account_chart_id323","liability_current","34582","Reembolso deferidos"
"False","l10n_ao.account_chart_id324","liability_current","34583","Reembolso indeferidos"
"False","l10n_ao.account_chart_id325","liability_current","34584","Reembolso reclamados, recorridos ou impugnados"
"False","l10n_ao.account_chart_id326","asset_current","3459","IVA liquidações oficiosas"
"True","l10n_ao.account_chart_id327","liability_current","346","Certificado de Crédito Fiscal a Compensar"
"False","l10n_ao.account_chart_347","liability_current","347","Imposto Selo"
"False","l10n_ao.account_chart_3471","liability_current","3471","Imposto Selo - Recibo de Quitação"
"True","l10n_ao.account_chart_id912","liability_payable","349","Outros impostos"
"True","l10n_ao.account_chart_3494","liability_current","3494","Imposto Predial Urbano"
"False","l10n_ao.account_chart_3495","liability_current","3495","Inst. Nac. Seg. Social"
"True","l10n_ao.account_chart_34951","liability_current","34951","I.N.S.S. - .........."
"True","l10n_ao.account_chart_id913","liability_payable","35","Entidades participantes e participadas"
"True","l10n_ao.account_chart_id914","liability_payable","351","Entidades participantes"
"True","l10n_ao.account_chart_id915","liability_payable","3511","Estado"
"True","l10n_ao.account_chart_id333","asset_non_current","35111","C/ Subscrição"
"True","l10n_ao.account_chart_35112","asset_non_current","35112","C/adiatamentos sobre lucro"
"True","l10n_ao.account_chart_35113","asset_non_current","35113","C/ Lucros"
"True","l10n_ao.account_chart_35114","asset_non_current","35114","Empréstimos"
"True","l10n_ao.account_chart_id916","liability_payable","3512","Empresas do grupo - subsidiárias"
"True","l10n_ao.account_chart_id337","asset_non_current","35121","C/ Subscrição"
"True","l10n_ao.account_chart_35122","asset_non_current","35122","C/Adiantamentos Sobre Lucro"
"True","l10n_ao.account_chart_35123","asset_non_current","35123","C/ Lucro"
"True","l10n_ao.account_chart_35124","asset_non_current","35124","C/ Empréstimo"
"True","l10n_ao.account_chart_id917","liability_payable","3513","Empresas do grupo - associadas"
"True","l10n_ao.account_chart_35131","asset_non_current","35131","C/ Subscrição"
"True","l10n_ao.account_chart_35132","asset_non_current","35132","C/Adiantamentos Sobre Lucros"
"True","l10n_ao.account_chart_35133","asset_non_current","35133","C/ Lucros"
"True","l10n_ao.account_chart_35134","asset_non_current","35134","Empréstimos"
"True","l10n_ao.account_chart_id918","liability_payable","3514","Outros"
"True","l10n_ao.account_chart_id345","asset_non_current","35141","C/ Subscrição"
"True","l10n_ao.account_chart_id346","asset_non_current","35142","C/adiatamentos sobre lucro"
"True","l10n_ao.account_chart_id347","asset_non_current","35143","C/ Lucros"
"True","l10n_ao.account_chart_id348","asset_non_current","35144","Empréstimos"
"True","l10n_ao.account_chart_id349","liability_current","352","Entidades Participadas"
"True","l10n_ao.account_chart_id350","liability_current","3521","Estado"
"True","l10n_ao.account_chart_id351","asset_non_current","35211","C/ Subscrição"
"True","l10n_ao.account_chart_id352","asset_non_current","35212","C/adiatamentos sobre lucro"
"True","l10n_ao.account_chart_id353","asset_non_current","35213","C/ Lucros"
"True","l10n_ao.account_chart_id354","asset_non_current","35214","C/ Lucros"
"True","l10n_ao.account_chart_id355","liability_current","3522","Empresas do Grupo -Subsidiárias"
"True","l10n_ao.account_chart_id356","asset_non_current","35221","C/ Subscrição"
"True","l10n_ao.account_chart_id357","asset_non_current","35222","C/Adiantamentos Sobre Lucros"
"True","l10n_ao.account_chart_id358","asset_non_current","35223","C/ Lucros"
"True","l10n_ao.account_chart_id359","asset_non_current","35224","Empréstimos"
"True","l10n_ao.account_chart_id360","liability_current","3523","Empresas do Grupo Associadas"
"True","l10n_ao.account_chart_id361","asset_non_current","35231","C/subscriçao"
"True","l10n_ao.account_chart_id362","asset_non_current","35232","C/Adiantamentos Sobre Lucro"
"True","l10n_ao.account_chart_id363","asset_non_current","35233","C/ Lucro"
"True","l10n_ao.account_chart_id364","asset_non_current","35234","Empréstimos"
"True","l10n_ao.account_chart_id365","liability_current","3524","Outros"
"True","l10n_ao.account_chart_id366","asset_non_current","35241","C/ Subscrição"
"True","l10n_ao.account_chart_id367","asset_non_current","35242","C/ Adiantamentos Sobre Lucro"
"True","l10n_ao.account_chart_id368","asset_non_current","35243","C/ Lucro"
"True","l10n_ao.account_chart_id369","asset_non_current","35244","Empréstimos"
"True","l10n_ao.account_chart_id370","liability_current","36","PESSOAL"
"True","l10n_ao.account_chart_id371","liability_current","361","Pessoal - Remunerações"
"True","l10n_ao.account_chart_id372","liability_current","3611","Órgão Sociais"
"True","l10n_ao.account_chart_id373","liability_current","36111","................"
"True","l10n_ao.account_chart_3612","liability_current","3612","Empregados"
"True","l10n_ao.account_chart_id375","liability_current","36121","...................."
"True","l10n_ao.account_chart_id376","liability_current","362","Pessoal - Participação nos Resultados"
"True","l10n_ao.account_chart_id377","liability_current","3621","Órgãos Sociais"
"True","l10n_ao.account_chart_id378","liability_current","36211","..................."
"True","l10n_ao.account_chart_id379","liability_current","3622","Empregados"
"True","l10n_ao.account_chart_id380","liability_current","36221","...................."
"True","l10n_ao.account_chart_id381","liability_current","363","Pessoal - Adiantamentos"
"True","l10n_ao.account_chart_id382","liability_current","3631","Órgãos Sociais"
"True","l10n_ao.account_chart_3632","liability_current","3632","Empregados"
"True","l10n_ao.account_chart_id384","liability_current","369","Pessoal - Outros"
"True","l10n_ao.account_chart_id385","liability_current","3691",".............."
"False","l10n_ao.account_chart_id386","asset_current","37","OUTROS VALORES A RECEBER E A PAGAR"
"False","l10n_ao.account_chart_id387","asset_current","371","Compras de Imobilizado"
"True","l10n_ao.account_chart_id388","asset_current","3711","Corpóreo"
"True","l10n_ao.account_chart_id389","asset_current","3712","Incorpóreo"
"True","l10n_ao.account_chart_id390","asset_current","3713","Financeiro"
"False","l10n_ao.account_chart_id391","asset_current","372","Vendas de Imobilizado"
"True","l10n_ao.account_chart_id392","asset_receivable","3721","Corpóreo"
"True","l10n_ao.account_chart_id393","asset_receivable","3722","Incorpóreo"
"True","l10n_ao.account_chart_id394","asset_receivable","3723","Financeiro"
"False","l10n_ao.account_chart_id395","asset_current","373","Proveitos a facturar"
"True","l10n_ao.account_chart_id396","asset_current","3731","Vendas"
"True","l10n_ao.account_chart_id397","asset_current","3732","Prestações de Serviços"
"True","l10n_ao.account_chart_id398","asset_current","3733","Juros"
"False","l10n_ao.account_chart_id399","asset_current","374","Encargos a repartir por períodos futuros"
"True","l10n_ao.account_chart_id400","asset_current","3741","Descontos de Emissão de Obrigaçõess"
"True","l10n_ao.account_chart_id401","asset_current","3742","Descontos de Emissão de Títulos de ParticipaçãoObrigaçõess "
"False","l10n_ao.account_chart_id402","liability_current","375","Encargos a Pagar"
"True","l10n_ao.account_chart_id403","liability_payable","3751","Remunerações"
"True","l10n_ao.account_chart_id404","liability_payable","3752","Juros"
"True","l10n_ao.account_chart_id405","liability_payable","3753","Desconto de segurança Social"
"True","l10n_ao.account_chart_id406","liability_payable","3754","Desconto de IRT"
"False","l10n_ao.account_chart_id407","asset_current","376","Proveitos a repartir por períodos futuros"
"True","l10n_ao.account_chart_id408","asset_receivable","3761","Prémios de Emissão de Obrigações"
"True","l10n_ao.account_chart_id409","asset_receivable","3762","Prémios de Emissão de Títulos de Participação"
"True","l10n_ao.account_chart_id410","asset_receivable","3763","Subsídios para investimento"
"True","l10n_ao.account_chart_id411","asset_receivable","3764","Diferenças de Câmbio favoráveis reversíveis"
"False","l10n_ao.account_chart_id412","asset_current","377","Contas Transitóriass"
"True","l10n_ao.account_chart_id413","asset_current","3771","Transacções entre a sede e as dependências da Empresa "
"True","l10n_ao.account_chart_id414","asset_receivable","379","Outros valores a Receber e a Pagar"
"True","l10n_ao.account_chart_id415","asset_receivable","3791","..................."
"True","l10n_ao.account_chart_id416","asset_receivable","3792","Dívidas ao senhorio"
"False","l10n_ao.account_chart_id417","asset_non_current","38","PROVISÕES PARA COBRANÇAS DUVIDOSAS"
"False","l10n_ao.account_chart_id418","asset_non_current","381","Provisões para Clientes"
"False","l10n_ao.account_chart_id419","asset_non_current","3811","Clientes - Correntes"
"True","l10n_ao.account_chart_id420","asset_non_current","38111","Grupo"
"True","l10n_ao.account_chart_id421","asset_non_current","38112","Não Grupo"
"False","l10n_ao.account_chart_id422","asset_non_current","3812","Clientes - Títulos a Receber"
"True","l10n_ao.account_chart_id423","asset_non_current","38121","Grupo"
"True","l10n_ao.account_chart_id424","asset_non_current","38122","Não Grupo"
"True","l10n_ao.account_chart_3813","asset_non_current","3813","Cliente - cobrança duvidosa"
"True","l10n_ao.account_chart_id425","asset_non_current","38131","Grupo"
"True","l10n_ao.account_chart_id426","asset_non_current","38132","Não Grupo"
"False","l10n_ao.account_chart_id919","asset_non_current","382","Previsões para saldos devedores de fornecedores"
"True","l10n_ao.account_chart_id427","asset_non_current","3821","........................."
"False","l10n_ao.account_chart_id920","asset_non_current","383","Provisões p/ participante e participadas"
"True","l10n_ao.account_chart_id428","asset_non_current","3831","Participantes"
"True","l10n_ao.account_chart_id429","asset_non_current","3832","Participadas"
"False","l10n_ao.account_chart_id921","asset_non_current","384","Previsões p/dívidas do pessoal"
"True","l10n_ao.account_chart_id430","asset_non_current","3841","......................."
"False","l10n_ao.account_chart_id922","asset_non_current","389","Previsões para outros saldos a receber"
"True","l10n_ao.account_chart_id431","asset_non_current","3891","Vendas Imobilizado"
"False","l10n_ao.account_chart_id923","liability_current","39","Previsões para outros riscos e encargos"
"False","l10n_ao.account_chart_id924","asset_non_current","391","Provisões para pensões"
"True","l10n_ao.account_chart_id432","asset_current","3911","Provisões para pensões"
"False","l10n_ao.account_chart_id925","asset_non_current","392","Provisões para processos judiciais em curso"
"True","l10n_ao.account_chart_id433","asset_current","3921","Provisões para processos Judiciais em Curso"
"False","l10n_ao.account_chart_id926","asset_non_current","393","Provisões para acidentes de trabalho"
"True","l10n_ao.account_chart_id434","asset_current","3931","Provisões para Acidentes de Trabalho"
"False","l10n_ao.account_chart_id927","asset_non_current","394","Provisões para garantias dadas a clientes"
"True","l10n_ao.account_chart_id435","asset_current","3941","Provisões para garantias dadas a Clientes"
"False","l10n_ao.account_chart_id928","asset_non_current","399","Provisões para outros riscos e encargos"
"True","l10n_ao.account_chart_id436","asset_current","3991","Provisões para outros Riscos e Encargos"
"False","l10n_ao.account_chart_id929","asset_current","4","MEIOS MONETÁRIOS"
"False","l10n_ao.account_chart_id930","asset_non_current","41","Títulos negocíaveis"
"False","l10n_ao.account_chart_id931","equity","411","Acções"
"True","l10n_ao.account_chart_id437","asset_cash","4111","Empresas do Grupo"
"True","l10n_ao.account_chart_id438","asset_cash","4112","Associadas"
"True","l10n_ao.account_chart_id439","asset_cash","4113","Outras Empresas"
"False","l10n_ao.account_chart_id932","income_other","412","Obrigações"
"True","l10n_ao.account_chart_id440","asset_cash","4121","Empresas do Grupo"
"True","l10n_ao.account_chart_id441","asset_cash","4122","Associados"
"True","l10n_ao.account_chart_id442","asset_cash","4123","Outras Empresas"
"False","l10n_ao.account_chart_id443","asset_cash","413","Títulos da Dívida Pública"
"True","l10n_ao.account_chart_id444","asset_cash","4131","......................."
"False","l10n_ao.account_chart_id445","asset_cash","42","DEPÓSITOS A PRAZO"
"False","l10n_ao.account_chart_id933","income_other","421","Moedas nacional"
"True","l10n_ao.account_chart_id446","asset_cash","4211","Banco"
"True","l10n_ao.account_chart_id447","asset_cash","4212","Banco"
"True","l10n_ao.account_chart_422","asset_cash","422","Moeda estrangeira"
"True","l10n_ao.account_chart_id448","asset_cash","4221","Banco"
"True","l10n_ao.account_chart_id449","asset_cash","4222","Banco"
"False","l10n_ao.account_chart_id934","asset_cash","43","Depósitos á ordem"
"False","l10n_ao.account_chart_id935","asset_cash","431","Moeda nacional"
"True","l10n_ao.account_chart_id450","asset_cash","4311","Banco"
"True","l10n_ao.account_chart_id451","asset_cash","4312","Banco"
"True","l10n_ao.account_chart_id452","asset_cash","432","Moeda Estrangeira"
"True","l10n_ao.account_chart_id453","asset_cash","4321","Banco"
"True","l10n_ao.account_chart_id454","asset_cash","4322","Banco"
"True","l10n_ao.account_chart_id455","asset_cash","44","OUTROS DEPÓSITOS"
"True","l10n_ao.account_chart_id456","asset_cash","441","Moedas Nacional"
"True","l10n_ao.account_chart_id457","asset_cash","4411","Banco"
"True","l10n_ao.account_chart_id458","asset_cash","4412","Banco"
"True","l10n_ao.account_chart_id459","asset_cash","442","Moeda Estrangeira"
"True","l10n_ao.account_chart_id460","asset_cash","4421","Banco"
"True","l10n_ao.account_chart_id461","asset_cash","4422","Banco"
"True","l10n_ao.account_chart_id462","asset_cash","45","CAIXA"
"True","l10n_ao.account_chart_id463","asset_cash","451","Fundo fixo"
"True","l10n_ao.account_chart_id464","asset_cash","4511","Caixa"
"True","l10n_ao.account_chart_id465","asset_cash","4512","Caixa"
"True","l10n_ao.account_chart_id466","asset_cash","452","Valores para Depositar"
"True","l10n_ao.account_chart_id467","asset_cash","4521",".................."
"True","l10n_ao.account_chart_id468","asset_cash","453","Valores Destinados a Pagamentos Específicos"
"True","l10n_ao.account_chart_id469","asset_cash","4531","Salários"
"True","l10n_ao.account_chart_id470","asset_cash","46","46..............."
"False","l10n_ao.account_chart_id471","asset_cash","461","...................."
"False","l10n_ao.account_chart_47","asset_cash","47","...................."
"False","l10n_ao.account_chart_id472","asset_cash","471","...................."
"False","l10n_ao.account_chart_id473","asset_cash","48","CONTAS TRANSITÓRIA"
"True","l10n_ao.account_chart_id474","asset_current","481","Banco"
"True","l10n_ao.account_chart_id4741","asset_current","4811","Banco-Contas Transitoria"
"True","l10n_ao.account_chart_id475","asset_current","4819","Contas de transferência"
"True","l10n_ao.account_chart_id476","asset_cash","482","Caixa / Banco"
"True","l10n_ao.account_chart_4821","asset_current","4821","Conta Transitória"
"True","l10n_ao.account_chart_id477","asset_cash","49","PROVISÕES PARA APLICAÇÕES DE TESOURARIA"
"False","l10n_ao.account_chart_id936","asset_non_current","491","Títulos negociáveis"
"True","l10n_ao.account_chart_id478","asset_cash","4911","Acções"
"True","l10n_ao.account_chart_id479","asset_cash","4912","Obrigações"
"True","l10n_ao.account_chart_id480","asset_cash","4913","Títulos da Dívida Pública"
"False","l10n_ao.account_chart_id937","income_other","492","Outras aplicações de tesouraria"
"True","l10n_ao.account_chart_id481","asset_cash","4921","................."
"False","l10n_ao.account_chart_id938","asset_current","5","CAPITAL E RESERVAS"
"False","l10n_ao.account_chart_id939","income","51","Capital"
"False","l10n_ao.account_chart_id482","equity","511","Capital Social"
"False","l10n_ao.account_chart_id940","equity","52","Acções/quotas próprias"
"False","l10n_ao.account_chart_id941","liability_current","521","Valor nominal"
"True","l10n_ao.account_chart_id483","equity","5211","..........................."
"True","l10n_ao.account_chart_522","equity","522","Descontos"
"True","l10n_ao.account_chart_id484","equity","5221","..................."
"True","l10n_ao.account_chart_523","equity","523","Prémios"
"True","l10n_ao.account_chart_id485","equity","5231","..................."
"False","l10n_ao.account_chart_id942","income","53","Prémios de emissão"
"False","l10n_ao.account_chart_id486","equity","531","Prémios de Emissão"
"False","l10n_ao.account_chart_id943","equity","54","Prestações suplementares"
"False","l10n_ao.account_chart_id487","equity","541","Prestações Suplementares"
"False","l10n_ao.account_chart_id944","equity","55","Reservas legais"
"False","l10n_ao.account_chart_id488","equity","551","Reservas Legais"
"False","l10n_ao.account_chart_id945","expense_depreciation","56","Reservas de reavaliação"
"False","l10n_ao.account_chart_id946","equity","561","Legais"
"True","l10n_ao.account_chart_id489","equity","5611","Decreto-Lei nº"
"True","l10n_ao.account_chart_id490","equity","5612","Decreto-Lei nº"
"False","l10n_ao.account_chart_id947","asset_prepayments","562","Autónomas"
"True","l10n_ao.account_chart_id491","equity","5621","Avaliações"
"True","l10n_ao.account_chart_id492","equity","5622","Realização"
"False","l10n_ao.account_chart_id948","asset_non_current","57","Reservas com fins especiais"
"False","l10n_ao.account_chart_id493","equity","571","Reservas com Fins Especiais"
"False","l10n_ao.account_chart_id949","expense_depreciation","58","Reservas livres"
"False","l10n_ao.account_chart_id494","equity","581","Reservas Livres"
"False","l10n_ao.account_chart_id950","asset_non_current","59","-------------------------"
"True","l10n_ao.account_chart_id495","income_other","6","PROVEITOS E GANHOS POR NATUREZA"
"True","l10n_ao.account_chart_id496","income","61","VENDAS"
"True","l10n_ao.account_chart_id497","income","611","Produtos Acabados e Intermédios"
"True","l10n_ao.account_chart_id498","income","6111","Mercado Nacional"
"True","l10n_ao.account_chart_id499","income","61111","Mercado Nacional Padrão"
"True","l10n_ao.account_chart_id500","income","6112","Mercado Estrangeiro"
"True","l10n_ao.account_chart_id501","income","61121","Mercado Estrangeiro Padrão"
"True","l10n_ao.account_chart_id502","income","612","SubProdutos, Desperdícios, Resíduos e Refugos"
"True","l10n_ao.account_chart_id503","income","6121","Mercado Nacional"
"True","l10n_ao.account_chart_id504","income","6122","Mercado Estrangeiro"
"True","l10n_ao.account_chart_id505","income","613","Mercadorias"
"True","l10n_ao.account_chart_id506","income","6131","Mercado Nacional"
"True","l10n_ao.account_chart_id507","income","6132","Mercado Estrangeiro"
"True","l10n_ao.account_chart_id508","income","614","Embalagens de Consumo"
"True","l10n_ao.account_chart_id509","income","6141","Mercado Nacional"
"True","l10n_ao.account_chart_id510","income","6142","Mercado Estrangeiro"
"True","l10n_ao.account_chart_id511","income","615","Subsídios a preços"
"True","l10n_ao.account_chart_id512","income","6151","......................."
"True","l10n_ao.account_chart_id513","income","617","Devoluções"
"True","l10n_ao.account_chart_id514","income","6171","Mercado Nacional"
"True","l10n_ao.account_chart_id515","income","6172","Mercado Estrangeiro"
"True","l10n_ao.account_chart_id516","income","618","Descontos e abatimentos"
"True","l10n_ao.account_chart_id517","income","6181","Mercado Nacional"
"True","l10n_ao.account_chart_id518","income","6182","Mercado Estrangeiro"
"True","l10n_ao.account_chart_id519","income_other","62","PRESTAÇÕES DE SERVIÇO"
"True","l10n_ao.account_chart_id520","income","621","Serviços principais"
"True","l10n_ao.account_chart_6211","income","6211","Mercado Nacional"
"True","l10n_ao.account_chart_id522","income","6212","Mercado Estrangeiro"
"True","l10n_ao.account_chart_id523","income","622","Serviços secundários"
"True","l10n_ao.account_chart_id524","income","6221","Mercado Nacional"
"True","l10n_ao.account_chart_id525","income","6222","Mercado Estrangeiro"
"True","l10n_ao.account_chart_id526","income_other","628","Descontos e abatimentos"
"True","l10n_ao.account_chart_id527","income","6281","Mercado Nacional"
"True","l10n_ao.account_chart_id528","income","6282","Mercado Estrangeiro"
"True","l10n_ao.account_chart_id529","income_other","629","Transferência para Resultados Operacionais"
"True","l10n_ao.account_chart_id530","income_other","63","OUTROS PROVEITOS OPERACIONAIS"
"True","l10n_ao.account_chart_id531","income_other","631","Serviços suplementares"
"True","l10n_ao.account_chart_id532","income_other","6311","Aluger de equipamento"
"True","l10n_ao.account_chart_id533","income_other","6312","Cedência de Pessoal"
"True","l10n_ao.account_chart_id534","income_other","6313","Cedência de energia"
"True","l10n_ao.account_chart_id535","income_other","6314","Estudos, projectos e assistência Técnica"
"True","l10n_ao.account_chart_id536","income_other","632","Royalties"
"True","l10n_ao.account_chart_id537","income_other","633","Subsídios à Exploração"
"True","l10n_ao.account_chart_id538","income_other","634","Subsídios a investimento"
"True","l10n_ao.account_chart_id539","income_other","638","Outros Proveitos e Ganhos Operacionais"
"True","l10n_ao.account_chart_id540","income_other","6381","..............."
"True","l10n_ao.account_chart_id541","income_other","639","Transfêrencia para Resultados Operacionais"
"True","l10n_ao.account_chart_id542","income_other","64","VARIAÇÃO NOS INVENTÁRIOS DE PRODUTOS ACABADOS E DE PRODUÇÃO EM CURSO"
"True","l10n_ao.account_chart_id543","income_other","641","Produtos e Trabalhos em Curso"
"True","l10n_ao.account_chart_id544","income_other","6411","............."
"False","l10n_ao.account_chart_id951","expense_depreciation","642","Produtos acabados"
"True","l10n_ao.account_chart_id545","income_other","6421",".............."
"False","l10n_ao.account_chart_id952","income_other","643","Produtos intermédios"
"True","l10n_ao.account_chart_id546","income_other","6431","...................."
"True","l10n_ao.account_chart_id547","income_other","649","Transferência para Resultados Operacionais"
"True","l10n_ao.account_chart_id548","income_other","65","TRABALHOS PARA PRÓPRIA EMPRESA"
"True","l10n_ao.account_chart_id549","income_other","651","Para Imobilizado"
"True","l10n_ao.account_chart_id550","income_other","6511","Corpóreo"
"True","l10n_ao.account_chart_id551","income_other","6512","Incorpóreo"
"True","l10n_ao.account_chart_id552","income_other","6513","Financeiro"
"True","l10n_ao.account_chart_id553","income_other","6514","Em Curso"
"False","l10n_ao.account_chart_id953","asset_fixed","652","Para encargos a repartir por exercícios futuros"
"True","l10n_ao.account_chart_id554","income_other","6521","Para Encargos a repartir por Exercícios futuros"
"False","l10n_ao.account_chart_id954","asset_non_current","659","Transferência para resultados operacionais"
"True","l10n_ao.account_chart_id555","income_other","6591","Transferência para Resultados Operacionais"
"True","l10n_ao.account_chart_id556","income_other","66","PROVEITOS E GANHOS FINANCEIROS GERAIS"
"True","l10n_ao.account_chart_id557","income_other","661","Juros"
"True","l10n_ao.account_chart_id558","income_other","6611","Ĩnvestimentos Financeiros"
"True","l10n_ao.account_chart_id559","income_other","66111","Obrigações"
"True","l10n_ao.account_chart_id560","income_other","66113","Títulos de Participação"
"True","l10n_ao.account_chart_id561","income_other","66114","Empréstimos"
"True","l10n_ao.account_chart_id562","income_other","66119","Outros"
"False","l10n_ao.account_chart_id955","expense_direct_cost","6612","De mora relativos a dívida de de terceiros"
"True","l10n_ao.account_chart_id563","income_other","66121","Dívidas recebidas a prestações"
"True","l10n_ao.account_chart_id564","income_other","66122","De empréstimos a Terceiros"
"True","l10n_ao.account_chart_id565","income_other","6614","De Aplicações de Tesouraria"
"True","l10n_ao.account_chart_id566","income_other","6615","Descontos de Títulos"
"False","l10n_ao.account_chart_id956","asset_non_current","662","Diferenças de cambio favoráveis"
"True","l10n_ao.account_chart_6621","income_other","6621","Realizadas"
"True","l10n_ao.account_chart_id567","income_other","6622","Não realizadas"
"False","l10n_ao.account_chart_id957","expense_direct_cost","663","Descontos de prontos pagamento obtidos"
"True","l10n_ao.account_chart_id568","income_other","6631","..........................."
"False","l10n_ao.account_chart_id958","asset_fixed","664","Rendimentos de investimentos em imóveis"
"True","l10n_ao.account_chart_id569","income_other","6641","............................."
"True","l10n_ao.account_chart_id570","income_other","665","Rendimento de Participações de capital"
"True","l10n_ao.account_chart_id571","income_other","6651","Acções, quotas em outras Empresa"
"True","l10n_ao.account_chart_id572","income_other","6652","Acções, quotas incluídas nos fundos"
"True","l10n_ao.account_chart_id573","income_other","6653","Acções, quotas incluídas nos Títulos Negociáveis fundos"
"True","l10n_ao.account_chart_id574","income_other","666","Ganhos na Alienação de Aplicações Financeiras"
"True","l10n_ao.account_chart_id575","income_other","6661","Investimentos Financeiros"
"True","l10n_ao.account_chart_id576","income_other","66611","Subsidiárias"
"True","l10n_ao.account_chart_id577","income_other","66612","Associadas"
"True","l10n_ao.account_chart_id578","income_other","66613","Outras Empresas"
"True","l10n_ao.account_chart_id579","income_other","66615","Fundos"
"True","l10n_ao.account_chart_id580","income_other","66619","Outros Investimentos"
"True","l10n_ao.account_chart_id581","income_other","6662","Títulos Negociáveis"
"False","l10n_ao.account_chart_id959","liability_current","667","Reposição de provisões"
"False","l10n_ao.account_chart_id960","asset_prepayments","6671","Investimentos financeiros"
"True","l10n_ao.account_chart_id582","income_other","66711","Subsidiárias"
"True","l10n_ao.account_chart_id583","income_other","66712","Associadas"
"True","l10n_ao.account_chart_id584","income_other","66713","Outras Empresas"
"True","l10n_ao.account_chart_id585","income_other","66714","Fundos"
"True","l10n_ao.account_chart_id586","income_other","66719","Outros Investimentos"
"False","l10n_ao.account_chart_id961","asset_non_current","6672","Aplicações de tesouraria"
"True","l10n_ao.account_chart_id587","income_other","66721","Títulos Negociáveis"
"True","l10n_ao.account_chart_id588","income_other","66722","Depósitos a Prazo"
"True","l10n_ao.account_chart_id589","income_other","66723","Outros Depósitos"
"True","l10n_ao.account_chart_id590","income_other","66729","Outros Investimentos"
"False","l10n_ao.account_chart_id962","equity_unaffected","67","Proveitos e ganhos financeiros em filiais e associadas"
"False","l10n_ao.account_chart_id963","income","671","Rendimentos de participações de capital"
"True","l10n_ao.account_chart_id591","income_other","6711","Subsidiárias"
"True","l10n_ao.account_chart_id592","income_other","6712","Associadas"
"False","l10n_ao.account_chart_id964","income","679","Transferência para resultados em filiais e associadas"
"False","l10n_ao.account_chart_id965","income_other","68","Outros proveitos e ganhos não operacionais"
"False","l10n_ao.account_chart_id966","income","681","Reposição de provisões"
"True","l10n_ao.account_chart_id612","income_other","6811","Existência"
"True","l10n_ao.account_chart_id593","income_other","68111","Matérias-primas subsídiarias e de consumo"
"True","l10n_ao.account_chart_id594","income_other","68112","Produtos e tralhos em Curso"
"True","l10n_ao.account_chart_id595","income_other","68113","Produtos Acabados e Intermédios"
"True","l10n_ao.account_chart_id596","income_other","68114","SubProdutos, Desperdícios, Resíduos e Refugos."
"True","l10n_ao.account_chart_id597","income_other","68115","Mercadorias"
"True","l10n_ao.account_chart_id613","income_other","6812","Cobranças duvidosas"
"True","l10n_ao.account_chart_id598","income_other","68121","Clientes"
"True","l10n_ao.account_chart_id599","income_other","68122","Clientes-Títulos a Receber"
"True","l10n_ao.account_chart_id600","income_other","68123","Clientes-Cobranças Duvidosa"
"True","l10n_ao.account_chart_68124","income_other","68124","Saldos Devedores de Fornecedores"
"True","l10n_ao.account_chart_id601","income_other","68125","Participantes e Participadas"
"True","l10n_ao.account_chart_id602","income_other","68126","Dídidas do Pessoal"
"True","l10n_ao.account_chart_id603","income_other","68129","Outros Saldos a Receber"
"False","l10n_ao.account_chart_id970","expense","6813","RIscos e encargos"
"True","l10n_ao.account_chart_id604","income_other","68131","Pensões"
"True","l10n_ao.account_chart_id605","income_other","68132","Processos Judiciais em Curso"
"True","l10n_ao.account_chart_id606","income_other","68133","Acidentes de Trabalho"
"True","l10n_ao.account_chart_id607","income_other","68134","Garantias dadas a Clientes"
"True","l10n_ao.account_chart_id608","income_other","68139","Outros Riscos e Encargos"
"False","l10n_ao.account_chart_id971","income_other","6819","Transferência para resultados não operacionais"
"False","l10n_ao.account_chart_id972","liability_current","682","Anulação de amortizações extraordinárias"
"True","l10n_ao.account_chart_id614","income_other","6821","Imobilizações Corpóreas"
"True","l10n_ao.account_chart_id615","income_other","6822","Imobilizações Incorpóreas"
"False","l10n_ao.account_chart_id973","liability_current","683","Ganhos em imobilizações"
"True","l10n_ao.account_chart_id616","income_other","6831","Venda de Imobilizações Corpóreas"
"True","l10n_ao.account_chart_id617","income_other","6832","Venda de Imobilizações Incorpóreas"
"False","l10n_ao.account_chart_id974","asset_fixed","684","Ganhos em existencias"
"True","l10n_ao.account_chart_id609","income_other","6841","Sobras"
"False","l10n_ao.account_chart_id975","equity","685","Recuperação de dívidas"
"True","l10n_ao.account_chart_id610","income_other","6851","..................."
"False","l10n_ao.account_chart_id976","asset_non_current","686","Benefícios de penalidade contratuais"
"True","l10n_ao.account_chart_id611","income_other","6861",".........................."
"False","l10n_ao.account_chart_id977","asset_fixed","687","...................."
"False","l10n_ao.account_chart_id978","asset_fixed","688","Descontinuidade de operações"
"False","l10n_ao.account_chart_id979","asset_fixed","689","Alterações de políticas contabilísticas"
"False","l10n_ao.account_chart_id980","income_other","69","Proveitos e ganhos extraordinários"
"False","l10n_ao.account_chart_id981","income_other","691","Ganhos resultantes de catástrofes naturais"
"True","l10n_ao.account_chart_id618","income_other","6911","............................"
"False","l10n_ao.account_chart_id982","income_other","692","Ganhos resultantes de convulsões políticas"
"True","l10n_ao.account_chart_id619","income_other","6921","............................"
"False","l10n_ao.account_chart_id983","income_other","693","Ganhos resultantes de expropriações"
"True","l10n_ao.account_chart_id620","income_other","6931","..........................."
"False","l10n_ao.account_chart_id984","income_other","694","Ganhos resultantes de sinistros"
"True","l10n_ao.account_chart_id621","income_other","6941","............................"
"False","l10n_ao.account_chart_id985","expense_direct_cost","695","Subsísdios"
"True","l10n_ao.account_chart_id622","income_other","6951","............."
"False","l10n_ao.account_chart_id986","asset_non_current","696","Anulação de passivos não exigíveis"
"True","l10n_ao.account_chart_id623","income_other","6961","............................."
"False","l10n_ao.account_chart_id987","asset_non_current","699","Transferências para resultados extraordinários"
"False","l10n_ao.account_chart_id988","expense_direct_cost","7","CUSTOS E PERDAS POR NATUREZA"
"False","l10n_ao.account_chart_id989","expense_direct_cost","71","Custos das mercadorias vendidas e das matérias consumidas"
"False","l10n_ao.account_chart_id990","equity","711","Matérias - primas"
"False","l10n_ao.account_chart_id624","expense","7111","....................."
"False","l10n_ao.account_chart_id991","equity","712","Matérias subsidiárias"
"False","l10n_ao.account_chart_id625","expense","7121","............................"
"False","l10n_ao.account_chart_id992","equity","713","Materiais diversos"
"False","l10n_ao.account_chart_7131","expense","7131","......................."
"False","l10n_ao.account_chart_id993","equity","714","Embalagens de consumo"
"False","l10n_ao.account_chart_id627","expense","7141","........................."
"False","l10n_ao.account_chart_id994","equity","715","Outros materias"
"False","l10n_ao.account_chart_id995","equity","7151","......................"
"False","l10n_ao.account_chart_716","expense","716","Outras Mercadorias"
"False","l10n_ao.account_chart_id628","expense","7161","Mercadorias"
"False","l10n_ao.account_chart_id629","expense","719","Transferência para Resultados Operacionais"
"False","l10n_ao.account_chart_id630","expense","72","CUSTOS COM PESSOAL"
"False","l10n_ao.account_chart_id631","expense","721","Remunerações - Órgãos sociais"
"False","l10n_ao.account_chart_id632","expense","7211","Remunerações - Órgãos sociais"
"False","l10n_ao.account_chart_id633","expense","722","Remunerações - Pessoal"
"False","l10n_ao.account_chart_id634","expense","7221","Ordenados - Pessoal"
"False","l10n_ao.account_chart_id996","income_other","723","Pensões"
"False","l10n_ao.account_chart_id635","expense","7231","Órgãos sociais"
"False","l10n_ao.account_chart_id636","expense","7232","Pessoal"
"False","l10n_ao.account_chart_id997","equity","724","Premios para pensões"
"False","l10n_ao.account_chart_id637","expense","7241","Órgãos sociais"
"False","l10n_ao.account_chart_id638","expense","7242","Pessoal"
"False","l10n_ao.account_chart_id639","expense","725","Encargos sobre remunerações"
"False","l10n_ao.account_chart_id640","expense","7251","Órgãos sociais"
"False","l10n_ao.account_chart_id641","expense","7252","Pessoal"
"False","l10n_ao.account_chart_id998","expense","726","Seguros de acedentes de trabalho e doença profissionais"
"False","l10n_ao.account_chart_id642","expense","7261","Órgãos sociais"
"False","l10n_ao.account_chart_id643","expense","7262","Pessoal"
"False","l10n_ao.account_chart_id999","asset_fixed","727","Formação"
"False","l10n_ao.account_chart_id644","expense","7271","Órgãos sociais"
"False","l10n_ao.account_chart_id645","expense","7272","Pessoal"
"False","l10n_ao.account_chart_id1000","equity","728","Outras despesas com o pessoal"
"False","l10n_ao.account_chart_id646","expense","7281","Órgãos socias"
"False","l10n_ao.account_chart_id647","expense","7282","Pessoal"
"False","l10n_ao.account_chart_id648","expense","729","Transferência para Resultados Operacionais"
"False","l10n_ao.account_chart_id1001","expense_depreciation","73","Amortizações de exercício"
"False","l10n_ao.account_chart_id1002","liability_current","731","Imobilizações corpóreas"
"False","l10n_ao.account_chart_id649","expense_depreciation","7312","Edifícios e outras construções"
"False","l10n_ao.account_chart_id650","expense_depreciation","7313","Equipamento básico"
"False","l10n_ao.account_chart_id651","expense_depreciation","7314","Equipamento de carga e transporte"
"False","l10n_ao.account_chart_id652","expense_depreciation","7315","Equipamento Administrativo"
"False","l10n_ao.account_chart_id653","expense_depreciation","7316","Taras e vasilhame"
"False","l10n_ao.account_chart_id654","expense_depreciation","7319","Outras Imobilizações Corpóreas"
"False","l10n_ao.account_chart_id1003","liability_current","732","Imobilizações incorpóreas"
"False","l10n_ao.account_chart_id655","expense_depreciation","7321","Trespasses"
"False","l10n_ao.account_chart_id656","expense_depreciation","7322","Despesas de investigação e desenvolvimento"
"False","l10n_ao.account_chart_id657","expense_depreciation","7323","Propriedade Industrial e outros direitos e contratos"
"False","l10n_ao.account_chart_id658","expense_depreciation","7324","Despesas de Constituição"
"False","l10n_ao.account_chart_id659","expense_depreciation","7329","Outras Imobilizações Incorpóreas"
"False","l10n_ao.account_chart_id1004","liability_current","739","Transferência para resultados operacionais"
"False","l10n_ao.account_chart_id660","expense_depreciation","7391","Transferência para Resultados Operacionais"
"False","l10n_ao.account_chart_id1005","asset_non_current","75","Outros custos e perdas operacionais"
"False","l10n_ao.account_chart_id1006","liability_current","751","Sub - contratos"
"False","l10n_ao.account_chart_id661","expense","7511","Subcontratos"
"False","l10n_ao.account_chart_id1007","liability_current","752","Formecimentos e serviços de terceiros"
"False","l10n_ao.account_chart_7521","expense","7521","................................"
"False","l10n_ao.account_chart_id662","expense","75211","Água"
"False","l10n_ao.account_chart_id663","expense","75212","Electricidade"
"False","l10n_ao.account_chart_id664","expense","75213","Combustíveis e outros fluídos"
"False","l10n_ao.account_chart_id665","expense","75214","Conservação e Reparação"
"False","l10n_ao.account_chart_id666","expense","75215","Material de Protecção, Segurança e Conforto"
"False","l10n_ao.account_chart_id667","expense","75216","Ferramentas e Utensílios de desgastes rápido"
"False","l10n_ao.account_chart_id668","expense","75217","Material de Escritório"
"False","l10n_ao.account_chart_id669","expense","75218","Livros e Documentação Técnica"
"False","l10n_ao.account_chart_id1008","asset_fixed","75219","Outros fornecimentos"
"False","l10n_ao.account_chart_752191","expense","752191","......................."
"False","l10n_ao.account_chart_id670","expense","7522","Comunicação"
"False","l10n_ao.account_chart_id671","expense","75221","Rendas e Alugueres"
"False","l10n_ao.account_chart_id672","expense","75222","Seguros"
"False","l10n_ao.account_chart_id673","expense","75223","Deslocações e Estadas"
"False","l10n_ao.account_chart_id674","expense","75224","Despesas de Representação"
"False","l10n_ao.account_chart_id675","expense","75226","Conservação e Reparação"
"False","l10n_ao.account_chart_id676","expense","75227","Vigilância e Segurança"
"False","l10n_ao.account_chart_id677","expense","75228","Limpeza, Higiene e Conforto"
"False","l10n_ao.account_chart_id678","expense","75229","Publicidade e Propaganda"
"False","l10n_ao.account_chart_id679","expense","7523","Contencioso e Notariado"
"False","l10n_ao.account_chart_id680","expense","75231","Comissões a Intermediários"
"False","l10n_ao.account_chart_id1009","liability_current","75232","Assistência técnica"
"False","l10n_ao.account_chart_id681","expense","752321","Estrangeira"
"False","l10n_ao.account_chart_id682","expense","752322","Nacional"
"False","l10n_ao.account_chart_id683","expense","75233","Trabalhos Executados no Exterior"
"False","l10n_ao.account_chart_id684","expense","75234","Honorários e Avenças"
"False","l10n_ao.account_chart_id685","expense","75235","Royalties"
"False","l10n_ao.account_chart_75239","asset_non_current","75239","Outros Serviços"
"False","l10n_ao.account_chart_id686","expense","752391","......................."
"False","l10n_ao.account_chart_id1011","asset_fixed","753","Impostos"
"False","l10n_ao.account_chart_id1012","liability_current","7531","Indirectos"
"False","l10n_ao.account_chart_75311","expense","75311","Imposto de selo"
"False","l10n_ao.account_chart_id688","expense","75319","Outros Impostos"
"False","l10n_ao.account_chart_id1013","liability_current","7532","Directos"
"False","l10n_ao.account_chart_id689","expense","75321","Impostos de capitais"
"False","l10n_ao.account_chart_id690","expense","75322","Contribuições predial"
"False","l10n_ao.account_chart_id691","expense","75329","Outros Impostos"
"False","l10n_ao.account_chart_id1014","expense","754","Despesas confidenciais"
"False","l10n_ao.account_chart_id692","expense","7541","Despesas confidenciais"
"False","l10n_ao.account_chart_id1015","expense_depreciation","755","Quotizações"
"False","l10n_ao.account_chart_id693","expense","7551","Quotizações"
"False","l10n_ao.account_chart_id1016","equity","756","Ofertas e amostras de existencias"
"False","l10n_ao.account_chart_id694","expense","7561","Ofertas e amostras de Existências"
"False","l10n_ao.account_chart_id1017","liability_current","758","Outros custos e perdas operacionais"
"False","l10n_ao.account_chart_id695","expense","7581","Outros Custos e Perdas Operacionais"
"False","l10n_ao.account_chart_id696","expense","759","Transferência para Resultados Operacionais"
"False","l10n_ao.account_chart_id1018","expense_direct_cost","76","CUSTOS E PERDAS FINANCEIRAS GERAIS"
"False","l10n_ao.account_chart_id1019","liability_current","761","Juros"
"False","l10n_ao.account_chart_id1020","equity","7611","De empréstimos"
"False","l10n_ao.account_chart_id697","expense","76111","Bancários"
"False","l10n_ao.account_chart_id698","expense","76112","Obrigações"
"False","l10n_ao.account_chart_id699","expense","76113","Títulos de Participação"
"False","l10n_ao.account_chart_id700","expense","7612","De descobertos Bancários"
"False","l10n_ao.account_chart_id701","expense","7613","De mora Relativos a Dívidas a Terceiros"
"False","l10n_ao.account_chart_id702","expense","7614","De desconto de Títulos"
"False","l10n_ao.account_chart_id1021","equity","762","Diferença de cambio desfavoráveis"
"False","l10n_ao.account_chart_7621","expense","7621","Realizadas"
"False","l10n_ao.account_chart_id703","expense","7622","Não realizadas"
"False","l10n_ao.account_chart_id1022","asset_non_current","763","Descontos de pronto pagamentos concedidos"
"False","l10n_ao.account_chart_id704","expense","7631","..........................."
"False","l10n_ao.account_chart_id1023","liability_current","764","Amortizações de investimentos em imóveis"
"False","l10n_ao.account_chart_id705","expense","7641","............................"
"False","l10n_ao.account_chart_id1024","expense_depreciation","765","Provisões para aplicações financeiras"
"False","l10n_ao.account_chart_id1025","income_other","7651","Investimentos financeiros"
"False","l10n_ao.account_chart_id706","expense","76511","Subsidiárias"
"False","l10n_ao.account_chart_id707","expense","76512","Associadas"
"False","l10n_ao.account_chart_id708","expense","76513","Outras Empresas"
"False","l10n_ao.account_chart_id709","expense","76514","Fundos"
"False","l10n_ao.account_chart_id710","expense","76519","Outros Investimentos"
"False","l10n_ao.account_chart_id1026","expense_direct_cost","7652","Aplicações de tesouraria"
"False","l10n_ao.account_chart_id711","expense","76521","Títulos Negociáveis"
"False","l10n_ao.account_chart_id712","expense","76522","Depósitos a Prazo"
"False","l10n_ao.account_chart_id713","expense","76523","Outros Depósitos"
"False","l10n_ao.account_chart_id714","expense","76529","Outros"
"False","l10n_ao.account_chart_id1027","asset_non_current","766","Perdas na alienação de aplicações financeiras"
"False","l10n_ao.account_chart_id1028","liability_current","7661","Investimentos financeiros"
"False","l10n_ao.account_chart_id715","expense","76611","Subsidiárias"
"False","l10n_ao.account_chart_id716","expense","76612","Associadas"
"False","l10n_ao.account_chart_id717","expense","76613","Outras Empresas"
"False","l10n_ao.account_chart_id718","expense","76614","Fundos"
"False","l10n_ao.account_chart_id719","expense","76619","Outros Investimentos"
"False","l10n_ao.account_chart_id720","expense","7662","Aplicações de Títulos Negociáveis"
"False","l10n_ao.account_chart_id1029","expense_depreciation","767","Serviços bancários"
"False","l10n_ao.account_chart_id721","expense","7671","Serviços Bancários"
"False","l10n_ao.account_chart_id1030","expense_depreciation","769","Transferenceia para resultado financeira"
"False","l10n_ao.account_chart_id722","expense","7691","Transferência para Resultados Financeiros"
"False","l10n_ao.account_chart_id1031","asset_non_current","77","Custos e perdas financeiros em filiais e associadas"
"False","l10n_ao.account_chart_id1032","expense","779","Transferência para Resultados Financeiros"
"False","l10n_ao.account_chart_id723","expense","7791","Transferência para Resultados Financeiros"
"False","l10n_ao.account_chart_id1033","expense_direct_cost","78","OUTROS CUSTOS E PERDAS NÃO OPERACIONAIS"
"False","l10n_ao.account_chart_id1034","equity","781","Provisões do exercícios"
"False","l10n_ao.account_chart_id741","expense","7811","Existências"
"False","l10n_ao.account_chart_id724","expense","78111","Matérias-primas subsidiárias e de consumo"
"False","l10n_ao.account_chart_id725","expense","78112","Produtos e trabalhos em curso"
"False","l10n_ao.account_chart_id726","expense","78113","Produtos acabados e intermédios"
"False","l10n_ao.account_chart_id727","expense","78114","SubProdutos, Desperdícios, Resíduos e Refugos"
"False","l10n_ao.account_chart_id728","expense","78115","Mercadorias"
"False","l10n_ao.account_chart_id1037","asset_non_current","7812","Cobranças duvidosas"
"False","l10n_ao.account_chart_id729","expense","78121","Clientes"
"False","l10n_ao.account_chart_id730","expense","78122","Clientes-Títulos a Receber"
"False","l10n_ao.account_chart_id731","expense","78123","Clientes-Cobranças Duvidosa"
"False","l10n_ao.account_chart_id732","expense","78124","Saldos Devedores de Fornecedores"
"False","l10n_ao.account_chart_id733","expense","78125","Participantes e Participadas"
"False","l10n_ao.account_chart_id734","expense","78126","Dívidas do Pessoal"
"False","l10n_ao.account_chart_id735","expense","78129","Outros Saldos a Receber"
"False","l10n_ao.account_chart_id1038","asset_non_current","7813","Riscos e encargos"
"False","l10n_ao.account_chart_id736","expense","78131","Pensões"
"False","l10n_ao.account_chart_id737","expense","78132","Processos Judiciais em Curso"
"False","l10n_ao.account_chart_id738","expense","78133","Acidentes de Trabalho"
"False","l10n_ao.account_chart_id739","expense","78134","Garantias dadas a Clientes"
"False","l10n_ao.account_chart_id740","expense","78139","Outros Riscos e Encargos"
"False","l10n_ao.account_chart_id1039","expense_depreciation","7819","Transferência para resultados não operacionais"
"False","l10n_ao.account_chart_id1040","asset_non_current","782","Amortizações extraordinárias"
"False","l10n_ao.account_chart_id742","expense","7821","Imobilizações Corpóreas"
"False","l10n_ao.account_chart_id743","expense","7822","Imobilizações Incorpóreas"
"False","l10n_ao.account_chart_id1041","liability_current","783","Perdas em imobilizações"
"False","l10n_ao.account_chart_id744","expense","7831","Vendas de Imobilizações Corpóreas"
"False","l10n_ao.account_chart_id745","expense","7832","Vendas de Imobilizações Incorpóreas"
"False","l10n_ao.account_chart_id746","expense","7833","Abates"
"False","l10n_ao.account_chart_id747","expense","7839","Outras"
"False","l10n_ao.account_chart_id1042","expense","784","Perdas em existencias"
"False","l10n_ao.account_chart_id748","expense","7841","Quebras"
"False","l10n_ao.account_chart_id1043","expense_depreciation","785","Dívidas incobránveis"
"False","l10n_ao.account_chart_id1044","liability_current","786","Multas e penalidades contratuais"
"False","l10n_ao.account_chart_id749","expense","7861","Fiscais"
"False","l10n_ao.account_chart_id750","expense","7862","Não Fiscais"
"False","l10n_ao.account_chart_id751","expense","7863","Penalidades Contratuais"
"False","l10n_ao.account_chart_id1045","expense_depreciation","787","Custos de reetruturação"
"False","l10n_ao.account_chart_id1046","asset_non_current","788","Descontinuidade de operações"
"False","l10n_ao.account_chart_id1047","asset_non_current","789","Alterações de políticas cantabilísticas"
"False","l10n_ao.account_chart_id1048","expense_direct_cost","79","Custos e perdas extraordinárias"
"False","l10n_ao.account_chart_id1049","expense_direct_cost","791","Perdas resultantes de catástrofes não operacionais"
"False","l10n_ao.account_chart_id752","expense","7911",".................................."
"False","l10n_ao.account_chart_id1050","expense_direct_cost","792","Perdas resultantes de convulsões políticas"
"False","l10n_ao.account_chart_id753","expense","7921","............................"
"False","l10n_ao.account_chart_id1051","expense_direct_cost","793","Perdas resultantes de expropriações"
"False","l10n_ao.account_chart_id754","expense","7931","..............................."
"False","l10n_ao.account_chart_id1052","expense_depreciation","794","Perdas resultantes de sinistros"
"False","l10n_ao.account_chart_id755","expense","7941","Perdas Resultantes de sinistros"
"False","l10n_ao.account_chart_id1053","expense_depreciation","799","Transferência para resultados extraordinários"
"False","l10n_ao.account_chart_id1054","income","8","RESULTADOS"
"False","l10n_ao.account_chart_id1055","income_other","81","Resultados transitados"
"False","l10n_ao.account_chart_id1056","income_other","811","Ano ---"
"True","l10n_ao.account_chart_id756","liability_current","8111","Resultado do Ano"
"True","l10n_ao.account_chart_id757","liability_current","8112","Aplicação de Resultados"
"True","l10n_ao.account_chart_id758","liability_current","8113","Corecções de Erros Fundamentais, no Exercício Seguinte"
"True","l10n_ao.account_chart_id759","liability_current","8114","Efeito das Alterações de Políticas Contabilísticas "
"True","l10n_ao.account_chart_id760","liability_current","8115","Imposto Relativo a Correções de Erros Fundamentais e Alterações de Políticas Contabilísticas"
"False","l10n_ao.account_chart_id1057","income_other","812","Ano__"
"True","l10n_ao.account_chart_id761","liability_current","8121","Resultado do Ano"
"True","l10n_ao.account_chart_id762","liability_current","8122","Aplicação de Resultados"
"True","l10n_ao.account_chart_id763","liability_current","8123","Correcções de Erros Fundamentais, no Exercício Seguinte"
"True","l10n_ao.account_chart_id764","liability_current","8124","Efeito das Alterações de Políticas Contabilísticas"
"True","l10n_ao.account_chart_id765","liability_current","8125","Imposto Relativo a Correcções de Erros Fundamentais e Alterações"
"False","l10n_ao.account_chart_id1058","income_other","82","Resultados operacionais"
"False","l10n_ao.account_chart_id1059","equity","821","Vendas"
"False","l10n_ao.account_chart_id766","liability_current","8219","Transferência para Resultados Líquidos"
"False","l10n_ao.account_chart_id1060","equity","822","Prestações de serviços"
"False","l10n_ao.account_chart_id1061","income_other","823","Outros proveitos operacionais"
"False","l10n_ao.account_chart_id1062","income_other","824","Variação nos inventários de produtos acabados e produtos em vias de fabrico"
"False","l10n_ao.account_chart_id1063","expense_depreciation","825","Trabalho para a própria empresa"
"False","l10n_ao.account_chart_id1064","income_other","826","Custos das mercadorias vendidas e das matérias consumidas"
"False","l10n_ao.account_chart_id1065","expense","827","Custos com o pessoal"
"False","l10n_ao.account_chart_id1066","asset_non_current","828","Amortizações do exercício"
"False","l10n_ao.account_chart_id1067","expense_direct_cost","829","Outros custos operacionais"
"False","l10n_ao.account_chart_id1068","income_other","83","Resultados financeiros"
"False","l10n_ao.account_chart_id1069","asset_current","831","Proveitos e ganhos financeiros gerais"
"False","l10n_ao.account_chart_id1070","expense_direct_cost","832","Custos e perdas financeiros gerais"
"False","l10n_ao.account_chart_id1071","income_other","839","Transferência para resultados líquidos"
"False","l10n_ao.account_chart_id1072","income","84","Resultados financeiros em filiais e associadas"
"False","l10n_ao.account_chart_id1073","income_other","841","Proveitos e ganhos em filiais e associadas"
"False","l10n_ao.account_chart_id1074","expense_direct_cost","842","Custos e perdas em filiais e associadas"
"False","l10n_ao.account_chart_id1075","expense_depreciation","849","Transferência para resultados líquidos"
"False","l10n_ao.account_chart_id1076","income_other","85","Resultados não operacionais"
"False","l10n_ao.account_chart_id1077","asset_current","851","Proveitos e ganhos não operacionais"
"False","l10n_ao.account_chart_id1078","asset_fixed","852","Custos e perdas não operacionais"
"False","l10n_ao.account_chart_id1079","asset_fixed","859","Transferência para resultados líquidos"
"False","l10n_ao.account_chart_id1080","income_other","86","Resultados extraordinários"
"False","l10n_ao.account_chart_id1081","asset_fixed","861","Proveitos e ganhos extraordinários"
"False","l10n_ao.account_chart_id1082","asset_current","862","Custos e perdas extraordinários"
"False","l10n_ao.account_chart_id1083","asset_current","869","Transferência para resultados líquidos"
"False","l10n_ao.account_chart_id1084","liability_current","87","Impostos sobre os lucros"
"False","l10n_ao.account_chart_id1085","asset_current","871","Imposto sobre os resultados correntes"
"False","l10n_ao.account_chart_id1086","asset_fixed","872","Imposto sobre os resultados extraordinários"
"False","l10n_ao.account_chart_id1087","liability_current","879","Transferência para resultados liquidos"
"False","l10n_ao.account_chart_id1088","income","88","Resultados líquidos do exercícios"
"False","l10n_ao.account_chart_id767","liability_current","881","Resultados Operacionais"
"False","l10n_ao.account_chart_id768","liability_current","882","Resultados Financeiros Gerais"
"False","l10n_ao.account_chart_id769","liability_current","883","Resultados em Filiais e Associadass"
"False","l10n_ao.account_chart_id770","liability_current","884","Resultados não Operacionais"
"False","l10n_ao.account_chart_id771","liability_current","885","Imposto sobre os Resultados Correntes"
"False","l10n_ao.account_chart_id772","income","886","Resultados Extraordinários"
"False","l10n_ao.account_chart_id773","liability_current","887","Imposto sobre Resultados Extraordinários"
"False","l10n_ao.account_chart_id774","liability_current","889","Transferência para Resultados Transitados"
"False","l10n_ao.account_chart_id775","liability_current","89","DIVIDENDOS ANTECIPADOS"
"False","l10n_ao.account_chart_899","liability_current","899","Transferência para Resultados Transitados"
